{
  "uid" : "b1a8273437954620fa374b796ffaacdd",
  "children" : [ {
    "name" : "test_1_addclass",
    "uid" : "13651602f413cff3",
    "parentUid" : "b1a8273437954620fa374b796ffaacdd",
    "status" : "passed",
    "time" : {
      "start" : 1629176631896,
      "stop" : 1629176641410,
      "duration" : 9514
    },
    "flaky" : false,
    "newFailed" : false,
    "parameters" : [ ]
  }, {
    "name" : "test_2_addclass",
    "uid" : "81afc67891d966e",
    "parentUid" : "b1a8273437954620fa374b796ffaacdd",
    "status" : "passed",
    "time" : {
      "start" : 1629176649322,
      "stop" : 1629176655753,
      "duration" : 6431
    },
    "flaky" : false,
    "newFailed" : false,
    "parameters" : [ ]
  }, {
    "name" : "test_1_createalbum",
    "uid" : "d3716b9cb95f1b12",
    "parentUid" : "b1a8273437954620fa374b796ffaacdd",
    "status" : "passed",
    "time" : {
      "start" : 1629176663573,
      "stop" : 1629176668513,
      "duration" : 4940
    },
    "flaky" : false,
    "newFailed" : false,
    "parameters" : [ ]
  }, {
    "name" : "test_2_createalbum",
    "uid" : "aaae284b4d81df41",
    "parentUid" : "b1a8273437954620fa374b796ffaacdd",
    "status" : "passed",
    "time" : {
      "start" : 1629176677030,
      "stop" : 1629176679931,
      "duration" : 2901
    },
    "flaky" : false,
    "newFailed" : false,
    "parameters" : [ ]
  }, {
    "name" : "test_1_group",
    "uid" : "6658b9da9e041915",
    "parentUid" : "b1a8273437954620fa374b796ffaacdd",
    "status" : "passed",
    "time" : {
      "start" : 1629176687810,
      "stop" : 1629176693053,
      "duration" : 5243
    },
    "flaky" : false,
    "newFailed" : false,
    "parameters" : [ ]
  }, {
    "name" : "test_2_group",
    "uid" : "258673eea838a4b7",
    "parentUid" : "b1a8273437954620fa374b796ffaacdd",
    "status" : "passed",
    "time" : {
      "start" : 1629176701053,
      "stop" : 1629176706975,
      "duration" : 5922
    },
    "flaky" : false,
    "newFailed" : false,
    "parameters" : [ ]
  }, {
    "name" : "test_1_log",
    "uid" : "6829297ae568425b",
    "parentUid" : "b1a8273437954620fa374b796ffaacdd",
    "status" : "passed",
    "time" : {
      "start" : 1629176714879,
      "stop" : 1629176727935,
      "duration" : 13056
    },
    "flaky" : false,
    "newFailed" : false,
    "parameters" : [ ]
  }, {
    "name" : "test_2_log",
    "uid" : "2284d685a1988733",
    "parentUid" : "b1a8273437954620fa374b796ffaacdd",
    "status" : "passed",
    "time" : {
      "start" : 1629176735887,
      "stop" : 1629176747036,
      "duration" : 11149
    },
    "flaky" : false,
    "newFailed" : false,
    "parameters" : [ ]
  }, {
    "name" : "test_1_edit",
    "uid" : "e2dc753043d18537",
    "parentUid" : "b1a8273437954620fa374b796ffaacdd",
    "status" : "passed",
    "time" : {
      "start" : 1629176754964,
      "stop" : 1629176764363,
      "duration" : 9399
    },
    "flaky" : false,
    "newFailed" : false,
    "parameters" : [ ]
  }, {
    "name" : "test_2_edit",
    "uid" : "8b2071937763b7f1",
    "parentUid" : "b1a8273437954620fa374b796ffaacdd",
    "status" : "passed",
    "time" : {
      "start" : 1629176772290,
      "stop" : 1629176782746,
      "duration" : 10456
    },
    "flaky" : false,
    "newFailed" : false,
    "parameters" : [ ]
  }, {
    "name" : "test_1_group",
    "uid" : "de53be60138effb7",
    "parentUid" : "b1a8273437954620fa374b796ffaacdd",
    "status" : "passed",
    "time" : {
      "start" : 1629176790598,
      "stop" : 1629176798830,
      "duration" : 8232
    },
    "flaky" : false,
    "newFailed" : false,
    "parameters" : [ ]
  }, {
    "name" : "test_2_group",
    "uid" : "6f2c045df84a95a9",
    "parentUid" : "b1a8273437954620fa374b796ffaacdd",
    "status" : "passed",
    "time" : {
      "start" : 1629176806819,
      "stop" : 1629176814817,
      "duration" : 7998
    },
    "flaky" : false,
    "newFailed" : false,
    "parameters" : [ ]
  }, {
    "name" : "test_1_upload",
    "uid" : "4565faee1f66605d",
    "parentUid" : "b1a8273437954620fa374b796ffaacdd",
    "status" : "passed",
    "time" : {
      "start" : 1629176823298,
      "stop" : 1629176831147,
      "duration" : 7849
    },
    "flaky" : false,
    "newFailed" : false,
    "parameters" : [ ]
  }, {
    "name" : "test_2_upload",
    "uid" : "71e33c903dbadd16",
    "parentUid" : "b1a8273437954620fa374b796ffaacdd",
    "status" : "passed",
    "time" : {
      "start" : 1629176839537,
      "stop" : 1629176845026,
      "duration" : 5489
    },
    "flaky" : false,
    "newFailed" : false,
    "parameters" : [ ]
  } ],
  "name" : "behaviors"
}