{
  "uid" : "83edc06c07f9ae9e47eb6dd1b683e4e2",
  "children" : [ {
    "name" : "testcases",
    "children" : [ {
      "name" : "test_addclass",
      "children" : [ {
        "name" : "test_1_addclass",
        "uid" : "13651602f413cff3",
        "parentUid" : "7abaa82d9b2018ba289d70bf6f57dacb",
        "status" : "passed",
        "time" : {
          "start" : 1629176631896,
          "stop" : 1629176641410,
          "duration" : 9514
        },
        "flaky" : false,
        "newFailed" : false,
        "parameters" : [ ]
      }, {
        "name" : "test_2_addclass",
        "uid" : "81afc67891d966e",
        "parentUid" : "7abaa82d9b2018ba289d70bf6f57dacb",
        "status" : "passed",
        "time" : {
          "start" : 1629176649322,
          "stop" : 1629176655753,
          "duration" : 6431
        },
        "flaky" : false,
        "newFailed" : false,
        "parameters" : [ ]
      } ],
      "uid" : "7abaa82d9b2018ba289d70bf6f57dacb"
    }, {
      "name" : "test_create album",
      "children" : [ {
        "name" : "test_1_createalbum",
        "uid" : "d3716b9cb95f1b12",
        "parentUid" : "ea43feb3e694146c47ec6a0dc92f79e0",
        "status" : "passed",
        "time" : {
          "start" : 1629176663573,
          "stop" : 1629176668513,
          "duration" : 4940
        },
        "flaky" : false,
        "newFailed" : false,
        "parameters" : [ ]
      }, {
        "name" : "test_2_createalbum",
        "uid" : "aaae284b4d81df41",
        "parentUid" : "ea43feb3e694146c47ec6a0dc92f79e0",
        "status" : "passed",
        "time" : {
          "start" : 1629176677030,
          "stop" : 1629176679931,
          "duration" : 2901
        },
        "flaky" : false,
        "newFailed" : false,
        "parameters" : [ ]
      } ],
      "uid" : "ea43feb3e694146c47ec6a0dc92f79e0"
    }, {
      "name" : "test_creategroup",
      "children" : [ {
        "name" : "test_1_group",
        "uid" : "6658b9da9e041915",
        "parentUid" : "38f6de5df80df0d8f149de9ea88f6fca",
        "status" : "passed",
        "time" : {
          "start" : 1629176687810,
          "stop" : 1629176693053,
          "duration" : 5243
        },
        "flaky" : false,
        "newFailed" : false,
        "parameters" : [ ]
      }, {
        "name" : "test_2_group",
        "uid" : "258673eea838a4b7",
        "parentUid" : "38f6de5df80df0d8f149de9ea88f6fca",
        "status" : "passed",
        "time" : {
          "start" : 1629176701053,
          "stop" : 1629176706975,
          "duration" : 5922
        },
        "flaky" : false,
        "newFailed" : false,
        "parameters" : [ ]
      } ],
      "uid" : "38f6de5df80df0d8f149de9ea88f6fca"
    }, {
      "name" : "test_createlong",
      "children" : [ {
        "name" : "test_1_log",
        "uid" : "6829297ae568425b",
        "parentUid" : "fd95779db34431f3d9f7e15bb0b1a0a9",
        "status" : "passed",
        "time" : {
          "start" : 1629176714879,
          "stop" : 1629176727935,
          "duration" : 13056
        },
        "flaky" : false,
        "newFailed" : false,
        "parameters" : [ ]
      }, {
        "name" : "test_2_log",
        "uid" : "2284d685a1988733",
        "parentUid" : "fd95779db34431f3d9f7e15bb0b1a0a9",
        "status" : "passed",
        "time" : {
          "start" : 1629176735887,
          "stop" : 1629176747036,
          "duration" : 11149
        },
        "flaky" : false,
        "newFailed" : false,
        "parameters" : [ ]
      } ],
      "uid" : "fd95779db34431f3d9f7e15bb0b1a0a9"
    }, {
      "name" : "test_editcategory",
      "children" : [ {
        "name" : "test_1_edit",
        "uid" : "e2dc753043d18537",
        "parentUid" : "002591f3b138fd05dac6017911b2cf37",
        "status" : "passed",
        "time" : {
          "start" : 1629176754964,
          "stop" : 1629176764363,
          "duration" : 9399
        },
        "flaky" : false,
        "newFailed" : false,
        "parameters" : [ ]
      }, {
        "name" : "test_2_edit",
        "uid" : "8b2071937763b7f1",
        "parentUid" : "002591f3b138fd05dac6017911b2cf37",
        "status" : "passed",
        "time" : {
          "start" : 1629176772290,
          "stop" : 1629176782746,
          "duration" : 10456
        },
        "flaky" : false,
        "newFailed" : false,
        "parameters" : [ ]
      } ],
      "uid" : "002591f3b138fd05dac6017911b2cf37"
    }, {
      "name" : "test_groupsearch",
      "children" : [ {
        "name" : "test_1_group",
        "uid" : "de53be60138effb7",
        "parentUid" : "5eff58056cbb7b80294c54e3ddcd644f",
        "status" : "passed",
        "time" : {
          "start" : 1629176790598,
          "stop" : 1629176798830,
          "duration" : 8232
        },
        "flaky" : false,
        "newFailed" : false,
        "parameters" : [ ]
      }, {
        "name" : "test_2_group",
        "uid" : "6f2c045df84a95a9",
        "parentUid" : "5eff58056cbb7b80294c54e3ddcd644f",
        "status" : "passed",
        "time" : {
          "start" : 1629176806819,
          "stop" : 1629176814817,
          "duration" : 7998
        },
        "flaky" : false,
        "newFailed" : false,
        "parameters" : [ ]
      } ],
      "uid" : "5eff58056cbb7b80294c54e3ddcd644f"
    }, {
      "name" : "test_upload",
      "children" : [ {
        "name" : "test_1_upload",
        "uid" : "4565faee1f66605d",
        "parentUid" : "2abf321984901e49f55365b8b85b8ba9",
        "status" : "passed",
        "time" : {
          "start" : 1629176823298,
          "stop" : 1629176831147,
          "duration" : 7849
        },
        "flaky" : false,
        "newFailed" : false,
        "parameters" : [ ]
      }, {
        "name" : "test_2_upload",
        "uid" : "71e33c903dbadd16",
        "parentUid" : "2abf321984901e49f55365b8b85b8ba9",
        "status" : "passed",
        "time" : {
          "start" : 1629176839537,
          "stop" : 1629176845026,
          "duration" : 5489
        },
        "flaky" : false,
        "newFailed" : false,
        "parameters" : [ ]
      } ],
      "uid" : "2abf321984901e49f55365b8b85b8ba9"
    } ],
    "uid" : "141fa05f02bf329144b0086cf92149a8"
  } ],
  "name" : "packages"
}