{
  "uid" : "98d3104e051c652961429bf95fa0b5d6",
  "children" : [ {
    "name" : "testcases",
    "children" : [ {
      "name" : "test_addclass",
      "children" : [ {
        "name" : "Testaddclass",
        "children" : [ {
          "name" : "test_1_addclass",
          "uid" : "13651602f413cff3",
          "parentUid" : "0f7e1602b05a514cf8bebc9a4e87cbe3",
          "status" : "passed",
          "time" : {
            "start" : 1629176631896,
            "stop" : 1629176641410,
            "duration" : 9514
          },
          "flaky" : false,
          "newFailed" : false,
          "parameters" : [ ]
        }, {
          "name" : "test_2_addclass",
          "uid" : "81afc67891d966e",
          "parentUid" : "0f7e1602b05a514cf8bebc9a4e87cbe3",
          "status" : "passed",
          "time" : {
            "start" : 1629176649322,
            "stop" : 1629176655753,
            "duration" : 6431
          },
          "flaky" : false,
          "newFailed" : false,
          "parameters" : [ ]
        } ],
        "uid" : "0f7e1602b05a514cf8bebc9a4e87cbe3"
      } ],
      "uid" : "ccf3f74718b457ac81e56b25dffe6fba"
    }, {
      "name" : "test_create album",
      "children" : [ {
        "name" : "Testcreatealbum",
        "children" : [ {
          "name" : "test_1_createalbum",
          "uid" : "d3716b9cb95f1b12",
          "parentUid" : "630e18799f080b977012a985e34023e8",
          "status" : "passed",
          "time" : {
            "start" : 1629176663573,
            "stop" : 1629176668513,
            "duration" : 4940
          },
          "flaky" : false,
          "newFailed" : false,
          "parameters" : [ ]
        }, {
          "name" : "test_2_createalbum",
          "uid" : "aaae284b4d81df41",
          "parentUid" : "630e18799f080b977012a985e34023e8",
          "status" : "passed",
          "time" : {
            "start" : 1629176677030,
            "stop" : 1629176679931,
            "duration" : 2901
          },
          "flaky" : false,
          "newFailed" : false,
          "parameters" : [ ]
        } ],
        "uid" : "630e18799f080b977012a985e34023e8"
      } ],
      "uid" : "66d87566c9313c5c528da2e980d4dc09"
    }, {
      "name" : "test_creategroup",
      "children" : [ {
        "name" : "Testcreategroup",
        "children" : [ {
          "name" : "test_1_group",
          "uid" : "6658b9da9e041915",
          "parentUid" : "2d85f95e1d959d83b15b8fb73fcb817d",
          "status" : "passed",
          "time" : {
            "start" : 1629176687810,
            "stop" : 1629176693053,
            "duration" : 5243
          },
          "flaky" : false,
          "newFailed" : false,
          "parameters" : [ ]
        }, {
          "name" : "test_2_group",
          "uid" : "258673eea838a4b7",
          "parentUid" : "2d85f95e1d959d83b15b8fb73fcb817d",
          "status" : "passed",
          "time" : {
            "start" : 1629176701053,
            "stop" : 1629176706975,
            "duration" : 5922
          },
          "flaky" : false,
          "newFailed" : false,
          "parameters" : [ ]
        } ],
        "uid" : "2d85f95e1d959d83b15b8fb73fcb817d"
      } ],
      "uid" : "2c7822f516f02b260b17b671640d1052"
    }, {
      "name" : "test_createlong",
      "children" : [ {
        "name" : "TestCreatelog",
        "children" : [ {
          "name" : "test_1_log",
          "uid" : "6829297ae568425b",
          "parentUid" : "64d76ec6cdb2ed46aee3c1ae9cd69a40",
          "status" : "passed",
          "time" : {
            "start" : 1629176714879,
            "stop" : 1629176727935,
            "duration" : 13056
          },
          "flaky" : false,
          "newFailed" : false,
          "parameters" : [ ]
        }, {
          "name" : "test_2_log",
          "uid" : "2284d685a1988733",
          "parentUid" : "64d76ec6cdb2ed46aee3c1ae9cd69a40",
          "status" : "passed",
          "time" : {
            "start" : 1629176735887,
            "stop" : 1629176747036,
            "duration" : 11149
          },
          "flaky" : false,
          "newFailed" : false,
          "parameters" : [ ]
        } ],
        "uid" : "64d76ec6cdb2ed46aee3c1ae9cd69a40"
      } ],
      "uid" : "97c2d6f5725e4238e5770a5b10a979ab"
    }, {
      "name" : "test_editcategory",
      "children" : [ {
        "name" : "TestEdit",
        "children" : [ {
          "name" : "test_1_edit",
          "uid" : "e2dc753043d18537",
          "parentUid" : "9908bdcfa5dd5946a6bd45bf041a78ef",
          "status" : "passed",
          "time" : {
            "start" : 1629176754964,
            "stop" : 1629176764363,
            "duration" : 9399
          },
          "flaky" : false,
          "newFailed" : false,
          "parameters" : [ ]
        }, {
          "name" : "test_2_edit",
          "uid" : "8b2071937763b7f1",
          "parentUid" : "9908bdcfa5dd5946a6bd45bf041a78ef",
          "status" : "passed",
          "time" : {
            "start" : 1629176772290,
            "stop" : 1629176782746,
            "duration" : 10456
          },
          "flaky" : false,
          "newFailed" : false,
          "parameters" : [ ]
        } ],
        "uid" : "9908bdcfa5dd5946a6bd45bf041a78ef"
      } ],
      "uid" : "0b4bdc21a068c0a8e205ad096a21ecd3"
    }, {
      "name" : "test_groupsearch",
      "children" : [ {
        "name" : "Testgroupsearch",
        "children" : [ {
          "name" : "test_1_group",
          "uid" : "de53be60138effb7",
          "parentUid" : "37a723b54afb8113eb8668604ce13c1b",
          "status" : "passed",
          "time" : {
            "start" : 1629176790598,
            "stop" : 1629176798830,
            "duration" : 8232
          },
          "flaky" : false,
          "newFailed" : false,
          "parameters" : [ ]
        }, {
          "name" : "test_2_group",
          "uid" : "6f2c045df84a95a9",
          "parentUid" : "37a723b54afb8113eb8668604ce13c1b",
          "status" : "passed",
          "time" : {
            "start" : 1629176806819,
            "stop" : 1629176814817,
            "duration" : 7998
          },
          "flaky" : false,
          "newFailed" : false,
          "parameters" : [ ]
        } ],
        "uid" : "37a723b54afb8113eb8668604ce13c1b"
      } ],
      "uid" : "342d04c38ebe6b4fe74c47b41e076377"
    }, {
      "name" : "test_upload",
      "children" : [ {
        "name" : "Testupload",
        "children" : [ {
          "name" : "test_1_upload",
          "uid" : "4565faee1f66605d",
          "parentUid" : "0b193ad4968a817e6e91bd247cfb3075",
          "status" : "passed",
          "time" : {
            "start" : 1629176823298,
            "stop" : 1629176831147,
            "duration" : 7849
          },
          "flaky" : false,
          "newFailed" : false,
          "parameters" : [ ]
        }, {
          "name" : "test_2_upload",
          "uid" : "71e33c903dbadd16",
          "parentUid" : "0b193ad4968a817e6e91bd247cfb3075",
          "status" : "passed",
          "time" : {
            "start" : 1629176839537,
            "stop" : 1629176845026,
            "duration" : 5489
          },
          "flaky" : false,
          "newFailed" : false,
          "parameters" : [ ]
        } ],
        "uid" : "0b193ad4968a817e6e91bd247cfb3075"
      } ],
      "uid" : "5775cdf6c2c5bf39a1dfdf6a278dfd9e"
    } ],
    "uid" : "b51346658ccdb9db01a6b5f6c12deab1"
  } ],
  "name" : "suites"
}