"Status","Start Time","Stop Time","Duration in ms","Parent Suite","Suite","Sub Suite","Test Class","Test Method","Name","Description"
"passed","Tue Aug 17 13:06:30 CST 2021","Tue Aug 17 13:06:38 CST 2021","8232","testcases","test_groupsearch","Testgroupsearch","","","test_1_group",""
"passed","Tue Aug 17 13:04:37 CST 2021","Tue Aug 17 13:04:39 CST 2021","2901","testcases","test_create album","Testcreatealbum","","","test_2_createalbum",""
"passed","Tue Aug 17 13:05:01 CST 2021","Tue Aug 17 13:05:06 CST 2021","5922","testcases","test_creategroup","Testcreategroup","","","test_2_group",""
"passed","Tue Aug 17 13:04:23 CST 2021","Tue Aug 17 13:04:28 CST 2021","4940","testcases","test_create album","Testcreatealbum","","","test_1_createalbum",""
"passed","Tue Aug 17 13:04:09 CST 2021","Tue Aug 17 13:04:15 CST 2021","6431","testcases","test_addclass","Testaddclass","","","test_2_addclass",""
"passed","Tue Aug 17 13:05:54 CST 2021","Tue Aug 17 13:06:04 CST 2021","9399","testcases","test_editcategory","TestEdit","","","test_1_edit",""
"passed","Tue Aug 17 13:05:35 CST 2021","Tue Aug 17 13:05:47 CST 2021","11149","testcases","test_createlong","TestCreatelog","","","test_2_log",""
"passed","Tue Aug 17 13:03:51 CST 2021","Tue Aug 17 13:04:01 CST 2021","9514","testcases","test_addclass","Testaddclass","","","test_1_addclass",""
"passed","Tue Aug 17 13:05:14 CST 2021","Tue Aug 17 13:05:27 CST 2021","13056","testcases","test_createlong","TestCreatelog","","","test_1_log",""
"passed","Tue Aug 17 13:04:47 CST 2021","Tue Aug 17 13:04:53 CST 2021","5243","testcases","test_creategroup","Testcreategroup","","","test_1_group",""
"passed","Tue Aug 17 13:07:03 CST 2021","Tue Aug 17 13:07:11 CST 2021","7849","testcases","test_upload","Testupload","","","test_1_upload",""
"passed","Tue Aug 17 13:06:12 CST 2021","Tue Aug 17 13:06:22 CST 2021","10456","testcases","test_editcategory","TestEdit","","","test_2_edit",""
"passed","Tue Aug 17 13:06:46 CST 2021","Tue Aug 17 13:06:54 CST 2021","7998","testcases","test_groupsearch","Testgroupsearch","","","test_2_group",""
"passed","Tue Aug 17 13:07:19 CST 2021","Tue Aug 17 13:07:25 CST 2021","5489","testcases","test_upload","Testupload","","","test_2_upload",""
