[ {
  "uid" : "de53be60138effb7",
  "name" : "test_1_group",
  "time" : {
    "start" : 1629176790598,
    "stop" : 1629176798830,
    "duration" : 8232
  },
  "status" : "passed",
  "severity" : "normal"
}, {
  "uid" : "aaae284b4d81df41",
  "name" : "test_2_createalbum",
  "time" : {
    "start" : 1629176677030,
    "stop" : 1629176679931,
    "duration" : 2901
  },
  "status" : "passed",
  "severity" : "normal"
}, {
  "uid" : "258673eea838a4b7",
  "name" : "test_2_group",
  "time" : {
    "start" : 1629176701053,
    "stop" : 1629176706975,
    "duration" : 5922
  },
  "status" : "passed",
  "severity" : "normal"
}, {
  "uid" : "d3716b9cb95f1b12",
  "name" : "test_1_createalbum",
  "time" : {
    "start" : 1629176663573,
    "stop" : 1629176668513,
    "duration" : 4940
  },
  "status" : "passed",
  "severity" : "normal"
}, {
  "uid" : "81afc67891d966e",
  "name" : "test_2_addclass",
  "time" : {
    "start" : 1629176649322,
    "stop" : 1629176655753,
    "duration" : 6431
  },
  "status" : "passed",
  "severity" : "normal"
}, {
  "uid" : "e2dc753043d18537",
  "name" : "test_1_edit",
  "time" : {
    "start" : 1629176754964,
    "stop" : 1629176764363,
    "duration" : 9399
  },
  "status" : "passed",
  "severity" : "normal"
}, {
  "uid" : "2284d685a1988733",
  "name" : "test_2_log",
  "time" : {
    "start" : 1629176735887,
    "stop" : 1629176747036,
    "duration" : 11149
  },
  "status" : "passed",
  "severity" : "normal"
}, {
  "uid" : "13651602f413cff3",
  "name" : "test_1_addclass",
  "time" : {
    "start" : 1629176631896,
    "stop" : 1629176641410,
    "duration" : 9514
  },
  "status" : "passed",
  "severity" : "normal"
}, {
  "uid" : "6829297ae568425b",
  "name" : "test_1_log",
  "time" : {
    "start" : 1629176714879,
    "stop" : 1629176727935,
    "duration" : 13056
  },
  "status" : "passed",
  "severity" : "normal"
}, {
  "uid" : "6658b9da9e041915",
  "name" : "test_1_group",
  "time" : {
    "start" : 1629176687810,
    "stop" : 1629176693053,
    "duration" : 5243
  },
  "status" : "passed",
  "severity" : "normal"
}, {
  "uid" : "4565faee1f66605d",
  "name" : "test_1_upload",
  "time" : {
    "start" : 1629176823298,
    "stop" : 1629176831147,
    "duration" : 7849
  },
  "status" : "passed",
  "severity" : "normal"
}, {
  "uid" : "8b2071937763b7f1",
  "name" : "test_2_edit",
  "time" : {
    "start" : 1629176772290,
    "stop" : 1629176782746,
    "duration" : 10456
  },
  "status" : "passed",
  "severity" : "normal"
}, {
  "uid" : "6f2c045df84a95a9",
  "name" : "test_2_group",
  "time" : {
    "start" : 1629176806819,
    "stop" : 1629176814817,
    "duration" : 7998
  },
  "status" : "passed",
  "severity" : "normal"
}, {
  "uid" : "71e33c903dbadd16",
  "name" : "test_2_upload",
  "time" : {
    "start" : 1629176839537,
    "stop" : 1629176845026,
    "duration" : 5489
  },
  "status" : "passed",
  "severity" : "normal"
} ]