{
  "cf9f57f9d68563e333b6f3c9516cd117" : {
    "statistic" : {
      "failed" : 0,
      "broken" : 0,
      "skipped" : 0,
      "passed" : 1,
      "unknown" : 0,
      "total" : 1
    },
    "items" : [ {
      "uid" : "e2dc753043d18537",
      "status" : "passed",
      "time" : {
        "start" : 1629176754964,
        "stop" : 1629176764363,
        "duration" : 9399
      }
    } ]
  },
  "0df026cdbcd5c5961405fb12b7e035fb" : {
    "statistic" : {
      "failed" : 0,
      "broken" : 0,
      "skipped" : 0,
      "passed" : 1,
      "unknown" : 0,
      "total" : 1
    },
    "items" : [ {
      "uid" : "aaae284b4d81df41",
      "status" : "passed",
      "time" : {
        "start" : 1629176677030,
        "stop" : 1629176679931,
        "duration" : 2901
      }
    } ]
  },
  "2750d8fe7c62be219fc09ff5d1363d22" : {
    "statistic" : {
      "failed" : 0,
      "broken" : 0,
      "skipped" : 0,
      "passed" : 1,
      "unknown" : 0,
      "total" : 1
    },
    "items" : [ {
      "uid" : "2284d685a1988733",
      "status" : "passed",
      "time" : {
        "start" : 1629176735887,
        "stop" : 1629176747036,
        "duration" : 11149
      }
    } ]
  },
  "a150c766429046634ee71e9aad20399a" : {
    "statistic" : {
      "failed" : 0,
      "broken" : 0,
      "skipped" : 0,
      "passed" : 1,
      "unknown" : 0,
      "total" : 1
    },
    "items" : [ {
      "uid" : "8b2071937763b7f1",
      "status" : "passed",
      "time" : {
        "start" : 1629176772290,
        "stop" : 1629176782746,
        "duration" : 10456
      }
    } ]
  },
  "e86da23a793c1fce736dd113e23119e7" : {
    "statistic" : {
      "failed" : 0,
      "broken" : 0,
      "skipped" : 0,
      "passed" : 1,
      "unknown" : 0,
      "total" : 1
    },
    "items" : [ {
      "uid" : "13651602f413cff3",
      "status" : "passed",
      "time" : {
        "start" : 1629176631896,
        "stop" : 1629176641410,
        "duration" : 9514
      }
    } ]
  },
  "5b51b42b8c2771041fdff1b14433c4f7" : {
    "statistic" : {
      "failed" : 0,
      "broken" : 0,
      "skipped" : 0,
      "passed" : 1,
      "unknown" : 0,
      "total" : 1
    },
    "items" : [ {
      "uid" : "d3716b9cb95f1b12",
      "status" : "passed",
      "time" : {
        "start" : 1629176663573,
        "stop" : 1629176668513,
        "duration" : 4940
      }
    } ]
  },
  "486e469f2732dec258c39ec7966fd7c4" : {
    "statistic" : {
      "failed" : 0,
      "broken" : 0,
      "skipped" : 0,
      "passed" : 1,
      "unknown" : 0,
      "total" : 1
    },
    "items" : [ {
      "uid" : "de53be60138effb7",
      "status" : "passed",
      "time" : {
        "start" : 1629176790598,
        "stop" : 1629176798830,
        "duration" : 8232
      }
    } ]
  },
  "5def8ce72becd0197509423f1376d527" : {
    "statistic" : {
      "failed" : 0,
      "broken" : 0,
      "skipped" : 0,
      "passed" : 1,
      "unknown" : 0,
      "total" : 1
    },
    "items" : [ {
      "uid" : "81afc67891d966e",
      "status" : "passed",
      "time" : {
        "start" : 1629176649322,
        "stop" : 1629176655753,
        "duration" : 6431
      }
    } ]
  },
  "0c5099668ca0a578f61aa0f499294ce4" : {
    "statistic" : {
      "failed" : 0,
      "broken" : 0,
      "skipped" : 0,
      "passed" : 1,
      "unknown" : 0,
      "total" : 1
    },
    "items" : [ {
      "uid" : "6829297ae568425b",
      "status" : "passed",
      "time" : {
        "start" : 1629176714879,
        "stop" : 1629176727935,
        "duration" : 13056
      }
    } ]
  },
  "b338ebc9623b7938078c92b18ef6a086" : {
    "statistic" : {
      "failed" : 0,
      "broken" : 0,
      "skipped" : 0,
      "passed" : 1,
      "unknown" : 0,
      "total" : 1
    },
    "items" : [ {
      "uid" : "71e33c903dbadd16",
      "status" : "passed",
      "time" : {
        "start" : 1629176839537,
        "stop" : 1629176845026,
        "duration" : 5489
      }
    } ]
  },
  "9c8ab3061992d2563d1c48e52ab42c1b" : {
    "statistic" : {
      "failed" : 0,
      "broken" : 0,
      "skipped" : 0,
      "passed" : 1,
      "unknown" : 0,
      "total" : 1
    },
    "items" : [ {
      "uid" : "258673eea838a4b7",
      "status" : "passed",
      "time" : {
        "start" : 1629176701053,
        "stop" : 1629176706975,
        "duration" : 5922
      }
    } ]
  },
  "f0d38625d235738bc5321c0ef530eca9" : {
    "statistic" : {
      "failed" : 0,
      "broken" : 0,
      "skipped" : 0,
      "passed" : 1,
      "unknown" : 0,
      "total" : 1
    },
    "items" : [ {
      "uid" : "4565faee1f66605d",
      "status" : "passed",
      "time" : {
        "start" : 1629176823298,
        "stop" : 1629176831147,
        "duration" : 7849
      }
    } ]
  },
  "057c5a9a8328f7735ad956db6279af54" : {
    "statistic" : {
      "failed" : 0,
      "broken" : 0,
      "skipped" : 0,
      "passed" : 1,
      "unknown" : 0,
      "total" : 1
    },
    "items" : [ {
      "uid" : "6f2c045df84a95a9",
      "status" : "passed",
      "time" : {
        "start" : 1629176806819,
        "stop" : 1629176814817,
        "duration" : 7998
      }
    } ]
  },
  "3b8a5a584e26350a242c6baf06e3b25e" : {
    "statistic" : {
      "failed" : 0,
      "broken" : 0,
      "skipped" : 0,
      "passed" : 1,
      "unknown" : 0,
      "total" : 1
    },
    "items" : [ {
      "uid" : "6658b9da9e041915",
      "status" : "passed",
      "time" : {
        "start" : 1629176687810,
        "stop" : 1629176693053,
        "duration" : 5243
      }
    } ]
  }
}